ECG,EDA,Photosensor,RSP
-0.015869140625,13.196867709029974,5.0,0.7789306640625
-0.0117034912109375,13.197172884811224,5.0,0.777587890625
-0.009765625,13.197020296920599,5.0,0.777435302734375
-0.0133209228515625,13.197630648483099,5.0,0.777557373046875
-0.00958251953125,13.196715121139349,5.0,0.775299072265625
-0.006622314453125,13.186796908248724,5.0,0.774932861328125
-0.00634765625,13.185576205123724,5.0,0.77484130859375
-0.006744384765625,13.184813265670599,5.0,0.775146484375
-0.00225830078125,13.184965853561224,5.0,0.774932861328125
-0.0051727294921875,13.184813265670599,5.0,0.772735595703125
-0.0040740966796875,13.184050326217474,5.0,0.772613525390625
-0.0019073486328125,13.182677035201849,5.0,0.772491455078125
0.002471923828125,13.185118441451849,5.0,0.7724609375
0.0035247802734375,13.185271029342474,5.0,0.772552490234375
0.006866455078125,13.183897738326849,5.0,0.7728271484375
0.0088348388671875,13.183287386764349,5.0,0.772613525390625
0.014251708984375,13.184355501998724,5.0,0.772491455078125
0.0133514404296875,13.183897738326849,5.0,0.770263671875
0.0188140869140625,13.184050326217474,5.0,0.770263671875
0.0155181884765625,13.184050326217474,5.0,0.770172119140625
0.017120361328125,13.185423617233099,5.0,0.770416259765625
0.015533447265625,13.186339144576849,5.0,0.769989013671875
0.0126953125,13.184660677779974,5.0,0.770050048828125
0.0118560791015625,13.184355501998724,5.0,0.77001953125
0.015045166015625,13.184660677779974,5.0,0.77032470703125
0.0092010498046875,13.185118441451849,5.0,0.77020263671875
0.009613037109375,13.184508089889349,5.0,0.7701416015625
0.0098876953125,13.185118441451849,5.0,0.77008056640625
0.0148162841796875,13.184660677779974,5.0,0.770294189453125
0.009674072265625,13.184202914108099,5.0,0.77001953125
0.0067291259765625,13.184050326217474,5.0,0.770111083984375
0.00909423828125,13.183897738326849,5.0,0.7706298828125
0.017669677734375,13.185576205123724,5.0,0.772430419921875
0.01788330078125,13.185271029342474,5.0,0.77288818359375
0.022308349609375,13.185118441451849,5.0,0.773529052734375
0.0313720703125,13.185881380904974,5.0,0.774932861328125
0.03387451171875,13.184660677779974,5.0,0.775726318359375
0.0136566162109375,13.184660677779974,5.0,0.77734375
0.00048828125,13.184050326217474,5.0,0.779449462890625
-0.008453369140625,13.185118441451849,5.0,0.780548095703125
-0.0086669921875,13.184965853561224,5.0,0.78271484375
-0.0127716064453125,13.186186556686224,5.0,0.78485107421875
-0.01641845703125,13.185118441451849,5.0,0.7874755859375
-0.01806640625,13.185576205123724,5.0,0.789794921875
-0.0111236572265625,13.185118441451849,5.0,0.79241943359375
-0.0428466796875,13.185728793014349,5.0,0.795196533203125
-0.0517730712890625,13.186186556686224,5.0,0.798370361328125
0.06585693359375,13.184508089889349,5.0,0.801513671875
0.3202667236328125,13.184508089889349,5.0,0.8052978515625
0.61309814453125,13.184813265670599,5.0,0.80859375
0.43145751953125,13.184508089889349,5.0,0.81268310546875
-0.1178436279296875,13.185728793014349,5.0,0.81640625
-0.3875274658203125,13.182677035201849,5.0,0.820159912109375
-0.365020751953125,13.172148470748724,5.0,0.82452392578125
-0.2183380126953125,13.173063998092474,5.0,0.828887939453125
-0.087554931640625,13.172148470748724,5.0,0.833740234375
-0.01275634765625,13.171538119186224,5.0,0.83856201171875
0.0104217529296875,13.172148470748724,5.0,0.843719482421875
0.0219879150390625,13.172453646529974,5.0,0.8486328125
0.0233917236328125,13.173369173873724,5.0,0.853485107421875
0.0342254638671875,13.172148470748724,5.0,0.85858154296875
0.03466796875,13.171995882858099,5.0,0.86395263671875
0.036346435546875,13.173521761764349,5.0,0.869049072265625
0.0357208251953125,13.172758822311224,5.0,0.874237060546875
0.044281005859375,13.173063998092474,5.0,0.880157470703125
0.04742431640625,13.172758822311224,5.0,0.8857421875
0.0563507080078125,13.171690707076849,5.0,0.89178466796875
0.0603485107421875,13.172453646529974,5.0,0.89801025390625
0.074066162109375,13.172148470748724,5.0,0.90411376953125
0.085601806640625,13.171690707076849,5.0,0.9105224609375
0.1002197265625,13.172606234420599,5.0,0.917633056640625
0.1130523681640625,13.172148470748724,5.0,0.92401123046875
0.1273956298828125,13.172148470748724,5.0,0.931243896484375
0.1260223388671875,13.172301058639349,5.0,0.938232421875
0.1282958984375,13.172453646529974,5.0,0.944976806640625
0.1085357666015625,13.172758822311224,5.0,0.952178955078125
0.0616302490234375,13.171843294967474,5.0,0.959564208984375
-0.009918212890625,13.171690707076849,5.0,0.966339111328125
-0.078338623046875,13.172453646529974,5.0,0.973419189453125
-0.13507080078125,13.171690707076849,5.0,0.980255126953125
-0.1685638427734375,13.173521761764349,5.0,0.986907958984375
-0.1873321533203125,13.171843294967474,5.0,0.99383544921875
-0.1891632080078125,13.172911410201849,5.0,1.000823974609375
-0.1870574951171875,13.172453646529974,5.0,1.007598876953125
-0.1711578369140625,13.172148470748724,5.0,1.0142822265625
-0.1542816162109375,13.172758822311224,5.0,1.020965576171875
-0.1374053955078125,13.172758822311224,5.0,1.027618408203125
-0.125396728515625,13.172606234420599,5.0,1.03411865234375
-0.1081085205078125,13.173521761764349,5.0,1.04107666015625
-0.096923828125,13.171995882858099,5.0,1.0479736328125
-0.08074951171875,13.172148470748724,5.0,1.055023193359375
-0.0697784423828125,13.172453646529974,5.0,1.0618896484375
-0.056182861328125,13.163603548873724,5.0,1.068878173828125
-0.0507965087890625,13.161009554733099,5.0,1.075836181640625
-0.0478363037109375,13.159788851608099,5.0,1.0828857421875
-0.0401458740234375,13.159636263717474,5.0,1.09033203125
-0.032440185546875,13.159941439498724,5.0,1.097625732421875
-0.0296173095703125,13.160094027389349,5.0,1.105010986328125
-0.0260162353515625,13.160704378951849,5.0,1.11273193359375
-0.0266265869140625,13.160856966842474,5.0,1.120269775390625
-0.02130126953125,13.159483675826849,5.0,1.128265380859375
-0.020721435546875,13.159483675826849,5.0,1.1358642578125
-0.0147247314453125,13.160856966842474,5.0,1.143768310546875
-0.016754150390625,13.160094027389349,5.0,1.151580810546875
-0.0144805908203125,13.160399203170599,5.0,1.159820556640625
-0.01171875,13.161009554733099,5.0,1.167510986328125
-0.0110015869140625,13.161467318404974,5.0,1.175811767578125
-0.0114898681640625,13.160246615279974,5.0,1.1842041015625
-0.006805419921875,13.159483675826849,5.0,1.19232177734375
-0.0044097900390625,13.160246615279974,5.0,1.200347900390625
0.003173828125,13.160094027389349,5.0,1.208770751953125
0.0016021728515625,13.160094027389349,5.0,1.217498779296875
0.00262451171875,13.159331087936224,5.0,1.225830078125
-0.0007171630859375,13.160094027389349,5.0,1.23406982421875
0.00262451171875,13.159941439498724,5.0,1.242706298828125
0.0021209716796875,13.159483675826849,5.0,1.25103759765625
0.00225830078125,13.160856966842474,5.0,1.259246826171875
-0.0009918212890625,13.160246615279974,5.0,1.267364501953125
0.0044708251953125,13.160704378951849,5.0,1.275482177734375
0.0015716552734375,13.159941439498724,5.0,1.283935546875
0.0027923583984375,13.159178500045599,5.0,1.292083740234375
0.0010223388671875,13.160551791061224,5.0,1.300048828125
0.0020904541015625,13.159636263717474,5.0,1.30767822265625
0.0017547607421875,13.161009554733099,5.0,1.31561279296875
0.0034027099609375,13.160246615279974,5.0,1.323028564453125
0.0006256103515625,13.158720736373724,5.0,1.330352783203125
0.0061492919921875,13.160551791061224,5.0,1.337921142578125
0.002197265625,13.159483675826849,5.0,1.345550537109375
0.0055084228515625,13.161162142623724,5.0,1.352630615234375
0.012786865234375,13.160094027389349,5.0,1.3603515625
0.01910400390625,13.159941439498724,5.0,1.367218017578125
0.021026611328125,13.160094027389349,5.0,1.374237060546875
0.037109375,13.148344759811224,5.0,1.3809814453125
0.03466796875,13.148802523483099,5.0,1.387237548828125
0.01885986328125,13.148802523483099,5.0,1.39434814453125
0.0004730224609375,13.147581820358099,5.0,1.400238037109375
-0.0051116943359375,13.148497347701849,5.0,1.40606689453125
-0.0080413818359375,13.148802523483099,5.0,1.4117431640625
-0.0059814453125,13.148192171920599,5.0,1.417510986328125
-0.0106048583984375,13.147734408248724,5.0,1.4227294921875
-0.009002685546875,13.148649935592474,5.0,1.42803955078125
-0.011474609375,13.147734408248724,5.0,1.432464599609375
-0.02716064453125,13.148802523483099,5.0,1.436492919921875
-0.061126708984375,13.147734408248724,5.0,1.44024658203125
0.0159759521484375,13.149107699264349,5.0,1.443695068359375
0.23968505859375,13.147734408248724,5.0,1.447601318359375
0.549224853515625,13.148192171920599,5.0,1.449615478515625
0.574859619140625,13.148802523483099,5.0,1.45172119140625
0.0363616943359375,13.148649935592474,5.0,1.453704833984375
-0.3677978515625,13.147429232467474,5.0,1.453643798828125
-0.4096832275390625,13.147734408248724,5.0,1.4564208984375
-0.3050689697265625,13.147734408248724,5.0,1.45648193359375
-0.16375732421875,13.147124056686224,5.0,1.45660400390625
-0.0603790283203125,13.148039584029974,5.0,1.456024169921875
-0.0043487548828125,13.148649935592474,5.0,1.454132080078125
0.010986328125,13.146971468795599,5.0,1.4537353515625
0.0171966552734375,13.147886996139349,5.0,1.451629638671875
0.0248260498046875,13.147734408248724,5.0,1.449554443359375
0.0346832275390625,13.148192171920599,5.0,1.4471435546875
0.0371246337890625,13.148344759811224,5.0,1.4443359375
0.042755126953125,13.148344759811224,5.0,1.441070556640625
0.04351806640625,13.148039584029974,5.0,1.4378662109375
0.0483856201171875,13.148344759811224,5.0,1.43341064453125
0.0548553466796875,13.146971468795599,5.0,1.42938232421875
0.0652923583984375,13.146971468795599,5.0,1.425018310546875
0.0734710693359375,13.148192171920599,5.0,1.420654296875
0.0877838134765625,13.148192171920599,5.0,1.415771484375
0.10089111328125,13.148955111373724,5.0,1.410675048828125
0.1165313720703125,13.138273959029974,5.0,1.405609130859375
0.1261444091796875,13.134611849654974,5.0,1.400177001953125
0.1374664306640625,13.136442904342474,5.0,1.39483642578125
0.1363983154296875,13.136442904342474,5.0,1.388946533203125
0.1244659423828125,13.135374789108099,5.0,1.382781982421875
0.07781982421875,13.136290316451849,5.0,1.376312255859375
0.0162353515625,13.135374789108099,5.0,1.3697509765625
-0.0555572509765625,13.136900668014349,5.0,1.36260986328125
-0.10955810546875,13.135222201217474,5.0,1.355133056640625
-0.1519622802734375,13.135832552779974,5.0,1.3475341796875
-0.1735992431640625,13.135069613326849,5.0,1.339508056640625
-0.179595947265625,13.135527376998724,5.0,1.33148193359375
-0.170013427734375,13.135832552779974,5.0,1.3236083984375
-0.159576416015625,13.136290316451849,5.0,1.315338134765625
-0.146453857421875,13.136442904342474,5.0,1.307342529296875
-0.134521484375,13.135985140670599,5.0,1.298309326171875
-0.1176605224609375,13.136137728561224,5.0,1.2896728515625
-0.105255126953125,13.136595492233099,5.0,1.2808837890625
-0.09039306640625,13.136748080123724,5.0,1.272247314453125
-0.0809326171875,13.136900668014349,5.0,1.263458251953125
-0.063873291015625,13.135679964889349,5.0,1.25469970703125
-0.05523681640625,13.135374789108099,5.0,1.246246337890625
-0.046783447265625,13.135679964889349,5.0,1.237335205078125
-0.041259765625,13.136748080123724,5.0,1.228515625
-0.0329132080078125,13.135985140670599,5.0,1.22076416015625
-0.0289459228515625,13.136137728561224,5.0,1.21270751953125
-0.02532958984375,13.136595492233099,5.0,1.204742431640625
-0.0243682861328125,13.135069613326849,5.0,1.196624755859375
-0.0226287841796875,13.136900668014349,5.0,1.18902587890625
-0.02496337890625,13.135832552779974,5.0,1.181884765625
-0.0225067138671875,13.136137728561224,5.0,1.174652099609375
-0.0253448486328125,13.136137728561224,5.0,1.168060302734375
-0.0205535888671875,13.135832552779974,5.0,1.1614990234375
-0.0177459716796875,13.135527376998724,5.0,1.154998779296875
-0.0163726806640625,13.135832552779974,5.0,1.14892578125
-0.0185699462890625,13.135985140670599,5.0,1.14239501953125
-0.0136566162109375,13.136137728561224,5.0,1.1365966796875
-0.017974853515625,13.137205843795599,5.0,1.13037109375
-0.0162200927734375,13.134611849654974,5.0,1.124847412109375
-0.014312744140625,13.135527376998724,5.0,1.119293212890625
-0.00933837890625,13.135985140670599,5.0,1.113922119140625
-0.0117645263671875,13.135679964889349,5.0,1.108642578125
-0.009246826171875,13.135832552779974,5.0,1.10357666015625
-0.00970458984375,13.137816195358099,5.0,1.09857177734375
-0.00494384765625,13.135527376998724,5.0,1.093475341796875
-0.00592041015625,13.135985140670599,5.0,1.088836669921875
-0.002410888671875,13.137663607467474,5.0,1.08380126953125
-0.0023651123046875,13.132933382858099,5.0,1.078765869140625
-0.0011444091796875,13.123930697311224,5.0,1.0738525390625
-0.0041351318359375,13.122557406295599,5.0,1.06878662109375
-0.0007781982421875,13.123930697311224,5.0,1.063629150390625
0.0008544921875,13.123472933639349,5.0,1.05877685546875
0.0053253173828125,13.124235873092474,5.0,1.053466796875
0.0055999755859375,13.123625521529974,5.0,1.04840087890625
0.0110015869140625,13.124083285201849,5.0,1.04290771484375
0.01153564453125,13.122557406295599,5.0,1.037567138671875
0.0138397216796875,13.123472933639349,5.0,1.032135009765625
0.0100250244140625,13.124083285201849,5.0,1.02630615234375
0.0074615478515625,13.124235873092474,5.0,1.020660400390625
0.009002685546875,13.123930697311224,5.0,1.01519775390625
0.0184326171875,13.123320345748724,5.0,1.0093994140625
0.0181884765625,13.123472933639349,5.0,1.00347900390625
0.0196533203125,13.124388460983099,5.0,0.998321533203125
0.0260467529296875,13.124235873092474,5.0,0.991973876953125
0.03839111328125,13.123015169967474,5.0,0.986175537109375
0.02593994140625,13.123167757858099,5.0,0.9805908203125
0.0074615478515625,13.124235873092474,5.0,0.974822998046875
-0.0054473876953125,13.124846224654974,5.0,0.969512939453125
-0.010162353515625,13.123778109420599,5.0,0.963836669921875
-0.0139923095703125,13.123320345748724,5.0,0.957855224609375
-0.012359619140625,13.123778109420599,5.0,0.952484130859375
-0.01287841796875,13.123930697311224,5.0,0.947174072265625
-0.0106964111328125,13.123167757858099,5.0,0.94158935546875
-0.0325927734375,13.123015169967474,5.0,0.936248779296875
-0.06243896484375,13.123930697311224,5.0,0.9302978515625
0.0059814453125,13.123930697311224,5.0,0.9251708984375
0.218536376953125,13.123472933639349,5.0,0.920196533203125
0.525177001953125,13.123472933639349,5.0,0.914825439453125
0.5719451904296875,13.123167757858099,5.0,0.909576416015625
0.0557861328125,13.124693636764349,5.0,0.90460205078125
-0.348876953125,13.122709994186224,5.0,0.899200439453125
-0.4016571044921875,13.123930697311224,5.0,0.894378662109375
-0.2657470703125,13.124388460983099,5.0,0.890106201171875
-0.1193084716796875,13.123930697311224,5.0,0.88555908203125
-0.0257110595703125,13.124388460983099,5.0,0.88104248046875
0.0038604736328125,13.124846224654974,5.0,0.876708984375
0.01751708984375,13.124235873092474,5.0,0.872406005859375
0.022613525390625,13.123625521529974,5.0,0.8690185546875
0.031768798828125,13.122709994186224,5.0,0.865081787109375
0.0299072265625,13.123472933639349,5.0,0.862152099609375
0.0370330810546875,13.123167757858099,5.0,0.85797119140625
0.0382843017578125,13.122862582076849,5.0,0.85491943359375
0.0418243408203125,13.123015169967474,5.0,0.85198974609375
0.0441436767578125,13.124083285201849,5.0,0.848663330078125
0.054290771484375,13.123320345748724,5.0,0.845855712890625
0.0612640380859375,13.124388460983099,5.0,0.842803955078125
0.0763397216796875,13.114012484420599,5.0,0.840667724609375
0.0858154296875,13.111876253951849,5.0,0.83837890625
0.09820556640625,13.110655550826849,5.0,0.83599853515625
0.1084136962890625,13.112181429733099,5.0,0.83404541015625
0.123504638671875,13.111723666061224,5.0,0.832122802734375
0.1276397705078125,13.112334017623724,5.0,0.830902099609375
0.1290130615234375,13.112028841842474,5.0,0.82916259765625
0.113128662109375,13.111418490279974,5.0,0.82720947265625
0.0753631591796875,13.112028841842474,5.0,0.8258056640625
0.0111083984375,13.110960726608099,5.0,0.824127197265625
-0.05828857421875,13.111265902389349,5.0,0.82171630859375
-0.117706298828125,13.111418490279974,5.0,0.820068359375
-0.1561431884765625,13.111418490279974,5.0,0.818145751953125
-0.177947998046875,13.110960726608099,5.0,0.815887451171875
-0.1815948486328125,13.112181429733099,5.0,0.813751220703125
-0.18109130859375,13.111113314498724,5.0,0.8114013671875
-0.1684112548828125,13.112028841842474,5.0,0.809112548828125
-0.1539306640625,13.110960726608099,5.0,0.806732177734375
-0.136505126953125,13.111265902389349,5.0,0.803955078125
-0.1231231689453125,13.110960726608099,5.0,0.801788330078125
-0.1092987060546875,13.111265902389349,5.0,0.799102783203125
-0.1005859375,13.112181429733099,5.0,0.796783447265625
-0.08538818359375,13.111723666061224,5.0,0.79443359375
-0.07373046875,13.112944369186224,5.0,0.792022705078125
-0.06365966796875,13.111876253951849,5.0,0.789642333984375
-0.0547943115234375,13.111876253951849,5.0,0.78729248046875
-0.043792724609375,13.111723666061224,5.0,0.78466796875
-0.034423828125,13.111265902389349,5.0,0.7825927734375
-0.028717041015625,13.112639193404974,5.0,0.7806396484375
-0.0282135009765625,13.111723666061224,5.0,0.778106689453125
-0.0230560302734375,13.110045199264349,5.0,0.77618408203125
-0.022674560546875,13.111571078170599,5.0,0.774444580078125
-0.0232696533203125,13.112181429733099,5.0,0.772430419921875
-0.022491455078125,13.111571078170599,5.0,0.770050048828125
-0.016815185546875,13.112028841842474,5.0,0.76837158203125
-0.017364501953125,13.111113314498724,5.0,0.76702880859375
-0.01495361328125,13.111113314498724,5.0,0.765167236328125
-0.0174560546875,13.112028841842474,5.0,0.76348876953125
-0.0128631591796875,13.111723666061224,5.0,0.7623291015625
-0.011260986328125,13.110960726608099,5.0,0.760162353515625
-0.0069122314453125,13.111113314498724,5.0,0.7596435546875
-0.00579833984375,13.110197787154974,5.0,0.757781982421875
-0.0013275146484375,13.110960726608099,5.0,0.756805419921875
-0.0023193359375,13.111265902389349,5.0,0.7552490234375
-0.0028839111328125,13.110655550826849,5.0,0.754608154296875
-0.0042572021484375,13.111265902389349,5.0,0.75286865234375
-0.0032501220703125,13.111113314498724,5.0,0.75262451171875
-0.0022430419921875,13.110808138717474,5.0,0.75048828125
0.00128173828125,13.112028841842474,5.0,0.75018310546875
-0.0015411376953125,13.110960726608099,5.0,0.749725341796875
0.0030975341796875,13.112944369186224,5.0,0.74786376953125
0.0088653564453125,13.111265902389349,5.0,0.748077392578125
0.0108642578125,13.111418490279974,5.0,0.748199462890625
0.006378173828125,13.111571078170599,5.0,0.746551513671875
0.0067291259765625,13.111418490279974,5.0,0.745513916015625
0.0052642822265625,13.111265902389349,5.0,0.745361328125
0.0072174072265625,13.111723666061224,5.0,0.745513916015625
0.0049591064453125,13.110960726608099,5.0,0.745513916015625
0.0069580078125,13.112181429733099,5.0,0.745086669921875
0.004974365234375,13.110808138717474,5.0,0.742828369140625
0.0072174072265625,13.110350375045599,5.0,0.743072509765625
0.0055389404296875,13.111876253951849,5.0,0.743011474609375
0.0058135986328125,13.110808138717474,5.0,0.743133544921875
0.0030059814453125,13.111571078170599,5.0,0.742950439453125
0.002471923828125,13.110655550826849,5.0,0.74285888671875
-0.0012969970703125,13.111113314498724,5.0,0.7427978515625
0.0063018798828125,13.111113314498724,5.0,0.743072509765625
0.0099945068359375,13.112181429733099,5.0,0.74310302734375
0.0164794921875,13.111876253951849,5.0,0.742889404296875
0.0196685791015625,13.112181429733099,5.0,0.742919921875
0.0288848876953125,13.112028841842474,5.0,0.742095947265625
0.0150604248046875,13.110655550826849,5.0,0.7403564453125
-0.0036773681640625,13.112028841842474,5.0,0.740264892578125
-0.015838623046875,13.111723666061224,5.0,0.740478515625
-0.0133819580078125,13.111113314498724,5.0,0.74053955078125
-0.0156707763671875,13.110502962936224,5.0,0.740509033203125
-0.01507568359375,13.099211459029974,5.0,0.74029541015625
-0.015899658203125,13.101195101608099,5.0,0.740478515625
-0.009918212890625,13.098753695358099,5.0,0.740509033203125
-0.02056884765625,13.099364046920599,5.0,0.740264892578125
-0.0503692626953125,13.100432162154974,5.0,0.74041748046875
-0.00860595703125,13.098143343795599,5.0,0.74017333984375
0.1777496337890625,13.099669222701849,5.0,0.7406005859375
0.4722442626953125,13.099669222701849,5.0,0.7403564453125
0.6104736328125,13.099669222701849,5.0,0.740814208984375
0.1534271240234375,13.099211459029974,5.0,0.74029541015625
-0.2998046875,13.099516634811224,5.0,0.7403564453125
-0.4063262939453125,13.100432162154974,5.0,0.740264892578125
-0.29412841796875,13.099516634811224,5.0,0.740386962890625
-0.1439056396484375,13.099821810592474,5.0,0.7418212890625
-0.0354461669921875,13.098601107467474,5.0,0.74267578125
-0.00030517578125,13.098753695358099,5.0,0.742828369140625
0.0170440673828125,13.098753695358099,5.0,0.742919921875
0.0240631103515625,13.099669222701849,5.0,0.7449951171875
0.027069091796875,13.097838168014349,5.0,0.7454833984375
0.026824951171875,13.099364046920599,5.0,0.746673583984375
0.0344696044921875,13.099364046920599,5.0,0.747894287109375
0.03717041015625,13.098448519576849,5.0,0.74951171875
0.040374755859375,13.100126986373724,5.0,0.75091552734375
0.0435028076171875,13.099058871139349,5.0,0.752777099609375
0.0489044189453125,13.098295931686224,5.0,0.75518798828125
0.0550384521484375,13.099058871139349,5.0,0.757171630859375
0.0671234130859375,13.098906283248724,5.0,0.759521484375
0.0760498046875,13.099364046920599,5.0,0.76214599609375
0.0917816162109375,13.098906283248724,5.0,0.764739990234375
0.1024322509765625,13.099364046920599,5.0,0.767608642578125
0.1148834228515625,13.099211459029974,5.0,0.770843505859375
0.123260498046875,13.099364046920599,5.0,0.77392578125
0.1328887939453125,13.099669222701849,5.0,0.776611328125
0.1185455322265625,13.098906283248724,5.0,0.78057861328125
0.087432861328125,13.097685580123724,5.0,0.783538818359375
0.0285797119140625,13.098295931686224,5.0,0.787353515625
-0.0402984619140625,13.098448519576849,5.0,0.790802001953125
-0.106170654296875,13.099211459029974,5.0,0.794158935546875
-0.1505584716796875,13.099974398483099,5.0,0.798065185546875
-0.1785430908203125,13.099516634811224,5.0,0.80169677734375
-0.182708740234375,13.099058871139349,5.0,0.8055419921875
-0.17596435546875,13.098753695358099,5.0,0.80926513671875
-0.162261962890625,13.098448519576849,5.0,0.8131103515625
-0.1544189453125,13.099974398483099,5.0,0.817108154296875
-0.1396942138671875,13.098143343795599,5.0,0.82110595703125
-0.1215057373046875,13.098601107467474,5.0,0.825347900390625
-0.1015472412109375,13.097685580123724,5.0,0.82940673828125
-0.090423583984375,13.098601107467474,5.0,0.833770751953125
-0.0772552490234375,13.099211459029974,5.0,0.838409423828125
-0.0659942626953125,13.097685580123724,5.0,0.843170166015625
-0.051483154296875,13.098295931686224,5.0,0.847900390625
-0.04730224609375,13.099364046920599,5.0,0.8529052734375
-0.03802490234375,13.098906283248724,5.0,0.857025146484375
-0.0341796875,13.099211459029974,5.0,0.862213134765625
-0.0257568359375,13.099821810592474,5.0,0.86688232421875
-0.0236358642578125,13.093870882858099,5.0,0.871826171875
-0.019775390625,13.086699251998724,5.0,0.877197265625
-0.01971435546875,13.087004427779974,5.0,0.8828125
-0.0121612548828125,13.087004427779974,5.0,0.888519287109375
-0.0141448974609375,13.087309603561224,5.0,0.8944091796875
-0.0131988525390625,13.085783724654974,5.0,0.900390625
-0.0136871337890625,13.086699251998724,5.0,0.906707763671875
-0.0080108642578125,13.087004427779974,5.0,0.91326904296875
-0.009613037109375,13.086851839889349,5.0,0.920013427734375
-0.00567626953125,13.086699251998724,5.0,0.92645263671875
-0.00640869140625,13.087767367233099,5.0,0.93310546875
-0.00201416015625,13.087157015670599,5.0,0.9400634765625
-0.0062103271484375,13.088377718795599,5.0,0.947021484375
-0.0060272216796875,13.088225130904974,5.0,0.953887939453125
-0.0044403076171875,13.086546664108099,5.0,0.960784912109375
-0.0038604736328125,13.086851839889349,5.0,0.96759033203125
-0.005523681640625,13.086851839889349,5.0,0.974578857421875
-0.0009002685546875,13.087004427779974,5.0,0.981475830078125
0.00115966796875,13.086394076217474,5.0,0.98785400390625
0.00262451171875,13.087309603561224,5.0,0.994537353515625
0.0021209716796875,13.087309603561224,5.0,1.00128173828125
0.0048828125,13.086241488326849,5.0,1.00762939453125
0.0001373291015625,13.086546664108099,5.0,1.013916015625
0.0041351318359375,13.087157015670599,5.0,1.020263671875
0.0015869140625,13.087767367233099,5.0,1.026214599609375
0.00164794921875,13.087767367233099,5.0,1.032379150390625
0.0001678466796875,13.086546664108099,5.0,1.0382080078125
0.0048828125,13.087157015670599,5.0,1.0440673828125
0.0068817138671875,13.088072543014349,5.0,1.0499267578125
0.00408935546875,13.086851839889349,5.0,1.055816650390625
0.0060882568359375,13.087614779342474,5.0,1.061309814453125
0.0153045654296875,13.086851839889349,5.0,1.067138671875
0.0147857666015625,13.087462191451849,5.0,1.0726318359375
0.0234832763671875,13.087462191451849,5.0,1.0784912109375
0.0321502685546875,13.086546664108099,5.0,1.083587646484375
0.035308837890625,13.086699251998724,5.0,1.089630126953125
0.016937255859375,13.087309603561224,5.0,1.094970703125
-0.0017242431640625,13.085783724654974,5.0,1.10064697265625
-0.0157012939453125,13.087614779342474,5.0,1.106414794921875
-0.0140228271484375,13.087157015670599,5.0,1.1119384765625
-0.017852783203125,13.087004427779974,5.0,1.117431640625
-0.01519775390625,13.085936312545599,5.0,1.12274169921875
-0.0187530517578125,13.087462191451849,5.0,1.128814697265625
-0.01971435546875,13.081816439498724,5.0,1.134307861328125
-0.0431976318359375,13.074492220748724,5.0,1.1400146484375
-0.058868408203125,13.074797396529974,5.0,1.145965576171875
0.04693603515625,13.074644808639349,5.0,1.151641845703125
0.30029296875,13.074949984420599,5.0,1.1578369140625
0.6062164306640625,13.074339632858099,5.0,1.163665771484375
0.5130767822265625,13.074492220748724,5.0,1.169464111328125
-0.063446044921875,13.074644808639349,5.0,1.175140380859375
-0.3839569091796875,13.073881869186224,5.0,1.18096923828125
-0.384124755859375,13.074187044967474,5.0,1.186767578125
-0.2640228271484375,13.074949984420599,5.0,1.193328857421875
-0.13458251953125,13.075102572311224,5.0,1.199127197265625
-0.037689208984375,13.074339632858099,5.0,1.205352783203125
0.0006103515625,13.073881869186224,5.0,1.21142578125
0.0166778564453125,13.074187044967474,5.0,1.2176513671875
0.01812744140625,13.074644808639349,5.0,1.224029541015625
0.0250396728515625,13.074492220748724,5.0,1.2303466796875
0.029205322265625,13.074492220748724,5.0,1.236968994140625
0.0346832275390625,13.073424105514349,5.0,1.243072509765625
0.034149169921875,13.074339632858099,5.0,1.24981689453125
0.04345703125,13.074797396529974,5.0,1.256622314453125
0.0490264892578125,13.074187044967474,5.0,1.263275146484375
0.05938720703125,13.073729281295599,5.0,1.2698974609375
0.0667572021484375,13.074034457076849,5.0,1.27728271484375
0.0732574462890625,13.074644808639349,5.0,1.28399658203125
0.0802154541015625,13.073118929733099,5.0,1.29119873046875
0.097412109375,13.074492220748724,5.0,1.298614501953125
0.1117401123046875,13.074187044967474,5.0,1.30615234375
0.1237945556640625,13.073424105514349,5.0,1.313629150390625
0.128662109375,13.071135287154974,5.0,1.320892333984375
0.1331329345703125,13.062132601608099,5.0,1.32806396484375
0.1089324951171875,13.062590365279974,5.0,1.335357666015625
0.064208984375,13.062132601608099,5.0,1.342620849609375
-0.002227783203125,13.062742953170599,5.0,1.349700927734375
-0.06671142578125,13.062437777389349,5.0,1.3568115234375
-0.121673583984375,13.062437777389349,5.0,1.363922119140625
-0.154998779296875,13.063200716842474,5.0,1.370635986328125
-0.1761474609375,13.063200716842474,5.0,1.377532958984375
-0.1744537353515625,13.062895541061224,5.0,1.384124755859375
-0.168548583984375,13.062285189498724,5.0,1.390106201171875
-0.153076171875,13.063200716842474,5.0,1.396759033203125
-0.14190673828125,13.062437777389349,5.0,1.402740478515625
-0.1294097900390625,13.054808382858099,5.0,1.4088134765625
-0.116607666015625,13.049925570358099,5.0,1.41448974609375
-0.101806640625,13.049620394576849,5.0,1.419921875
-0.087615966796875,13.050841097701849,5.0,1.425048828125
-0.0711669921875,13.049620394576849,5.0,1.429962158203125
-0.06195068359375,13.050230746139349,5.0,1.43499755859375
-0.0492706298828125,13.050383334029974,5.0,1.43927001953125
-0.0407562255859375,13.050535921920599,5.0,1.44366455078125
-0.034820556640625,13.050841097701849,5.0,1.4476318359375
-0.03570556640625,13.050230746139349,5.0,1.45123291015625
-0.0290069580078125,13.050230746139349,5.0,1.45501708984375
-0.026275634765625,13.049010043014349,5.0,1.45806884765625
-0.022796630859375,13.050230746139349,5.0,1.4605712890625
-0.0198822021484375,13.049620394576849,5.0,1.463653564453125
-0.0161285400390625,13.051298861373724,5.0,1.465728759765625
-0.017425537109375,13.050383334029974,5.0,1.46795654296875
-0.016815185546875,13.049162630904974,5.0,1.47003173828125
-0.019378662109375,13.049772982467474,5.0,1.4710693359375
-0.0144805908203125,13.050230746139349,5.0,1.473388671875
-0.01483154296875,13.049925570358099,5.0,1.47393798828125
-0.014495849609375,13.049467806686224,5.0,1.47515869140625
-0.0166168212890625,13.049620394576849,5.0,1.4764404296875
-0.01483154296875,13.049925570358099,5.0,1.476348876953125
-0.0159912109375,13.049925570358099,5.0,1.476409912109375
-0.0095367431640625,13.050535921920599,5.0,1.476165771484375
-0.010162353515625,13.050383334029974,5.0,1.47357177734375
-0.007354736328125,13.049772982467474,5.0,1.47406005859375
-0.006195068359375,13.049467806686224,5.0,1.471832275390625
0.000946044921875,13.049620394576849,5.0,1.470611572265625
0.0006866455078125,13.050230746139349,5.0,1.468505859375
0.0065765380859375,13.050230746139349,5.0,1.466064453125
0.0017547607421875,13.049315218795599,5.0,1.463531494140625
-0.001678466796875,13.050230746139349,5.0,1.460479736328125
0.0008392333984375,13.050078158248724,5.0,1.457763671875
0.0126800537109375,13.049315218795599,5.0,1.45404052734375
0.0133209228515625,13.049467806686224,5.0,1.45050048828125
0.0174102783203125,13.050383334029974,5.0,1.44671630859375
0.03143310546875,13.050383334029974,5.0,1.44317626953125
0.0327301025390625,13.049620394576849,5.0,1.43841552734375
0.00970458984375,13.050230746139349,5.0,1.434234619140625
-0.002288818359375,13.050535921920599,5.0,1.429534912109375
-0.011505126953125,13.050688509811224,5.0,1.42462158203125
-0.010101318359375,13.049620394576849,5.0,1.41961669921875
-0.0100860595703125,13.045958285201849,5.0,1.414459228515625
-0.00714111328125,13.038481478561224,5.0,1.409576416015625
-0.00543212890625,13.037871126998724,5.0,1.4039306640625
-0.003204345703125,13.038481478561224,5.0,1.39837646484375
-0.0367889404296875,13.038328890670599,5.0,1.3927001953125
-0.0422515869140625,13.038634066451849,5.0,1.38641357421875
0.100555419921875,13.038328890670599,5.0,1.381011962890625
0.3815460205078125,13.038176302779974,5.0,1.3748779296875
0.6471099853515625,13.038023714889349,5.0,1.36834716796875
0.39471435546875,13.038176302779974,5.0,1.36248779296875
-0.1758880615234375,13.038328890670599,5.0,1.355682373046875
-0.40826416015625,13.038786654342474,5.0,1.34954833984375
-0.3653564453125,13.038023714889349,5.0,1.343109130859375
-0.220947265625,13.039244418014349,5.0,1.33697509765625
-0.094573974609375,13.039244418014349,5.0,1.330780029296875
-0.0103759765625,13.038481478561224,5.0,1.3240966796875
0.015869140625,13.038634066451849,5.0,1.318389892578125
0.026947021484375,13.037718539108099,5.0,1.31219482421875
0.0312652587890625,13.038176302779974,5.0,1.305572509765625
0.035858154296875,13.038481478561224,5.0,1.299224853515625
0.0387725830078125,13.038023714889349,5.0,1.293121337890625
0.0426483154296875,13.038023714889349,5.0,1.286865234375
0.0432281494140625,13.039549593795599,5.0,1.28021240234375
0.0472869873046875,13.038939242233099,5.0,1.274078369140625
0.05364990234375,13.038939242233099,5.0,1.268035888671875
0.066436767578125,13.038786654342474,5.0,1.26226806640625
0.073638916015625,13.037108187545599,5.0,1.256134033203125
0.0843505859375,13.038023714889349,5.0,1.25030517578125
0.0914154052734375,13.038328890670599,5.0,1.24481201171875
0.1038665771484375,13.039549593795599,5.0,1.238555908203125
0.110748291015625,13.038328890670599,5.0,1.233062744140625
0.12005615234375,13.039244418014349,5.0,1.227294921875
0.1211700439453125,13.039244418014349,5.0,1.221954345703125
0.1172637939453125,13.038023714889349,5.0,1.215972900390625
0.0843658447265625,13.038328890670599,5.0,1.209991455078125
0.027130126953125,13.038939242233099,5.0,1.20416259765625
-0.0409393310546875,13.039244418014349,5.0,1.198211669921875
-0.101531982421875,13.038328890670599,5.0,1.192657470703125
-0.150146484375,13.038481478561224,5.0,1.186798095703125
-0.1731719970703125,13.038481478561224,5.0,1.180877685546875
-0.185028076171875,13.038634066451849,5.0,1.175079345703125
-0.177886962890625,13.038939242233099,5.0,1.16888427734375
-0.16571044921875,13.038176302779974,5.0,1.163421630859375
-0.150115966796875,13.037260775436224,5.0,1.15765380859375
-0.13861083984375,13.029783968795599,5.0,1.151641845703125
-0.123626708984375,13.025053744186224,5.0,1.145904541015625
-0.1112518310546875,13.026579623092474,5.0,1.140655517578125
-0.095001220703125,13.025664095748724,5.0,1.1346435546875
-0.0836181640625,13.025664095748724,5.0,1.12939453125
-0.07012939453125,13.027342562545599,5.0,1.124237060546875
-0.059814453125,13.025664095748724,5.0,1.11883544921875
-0.0460357666015625,13.025206332076849,5.0,1.1136474609375
-0.04241943359375,13.025511507858099,5.0,1.1087646484375
-0.029937744140625,13.026121859420599,5.0,1.104034423828125
-0.0300750732421875,13.026121859420599,5.0,1.099639892578125
-0.0252532958984375,13.024138216842474,5.0,1.094970703125
-0.02288818359375,13.025511507858099,5.0,1.0909423828125
-0.0176239013671875,13.024138216842474,5.0,1.08673095703125
-0.022979736328125,13.026121859420599,5.0,1.082763671875
-0.01971435546875,13.025664095748724,5.0,1.079071044921875
-0.01971435546875,13.025358919967474,5.0,1.075592041015625
-0.015716552734375,13.025206332076849,5.0,1.0718994140625
-0.015777587890625,13.025511507858099,5.0,1.06890869140625
-0.0114593505859375,13.025511507858099,5.0,1.066009521484375
-0.0117645263671875,13.026579623092474,5.0,1.0631103515625
-0.01068115234375,13.026121859420599,5.0,1.060302734375
-0.0134429931640625,13.025511507858099,5.0,1.057952880859375
-0.0090179443359375,13.024748568404974,5.0,1.055389404296875
-0.0099945068359375,13.025511507858099,5.0,1.05291748046875
-0.009918212890625,13.025816683639349,5.0,1.05059814453125
-0.0099945068359375,13.025969271529974,5.0,1.048553466796875
-0.008087158203125,13.026427035201849,5.0,1.04681396484375
-0.009063720703125,13.023985628951849,5.0,1.045196533203125
-0.0062103271484375,13.024901156295599,5.0,1.0430908203125
-0.0069122314453125,13.025511507858099,5.0,1.041046142578125
-0.001861572265625,13.026121859420599,5.0,1.03955078125
0.00018310546875,13.026427035201849,5.0,1.038482666015625
0.0065155029296875,13.025816683639349,5.0,1.035919189453125
0.0048370361328125,13.025816683639349,5.0,1.034912109375
0.0078582763671875,13.025816683639349,5.0,1.03338623046875
0.008026123046875,13.026427035201849,5.0,1.032073974609375
0.004364013671875,13.026732210983099,5.0,1.03076171875
0.003692626953125,13.025664095748724,5.0,1.029449462890625
0.0147247314453125,13.025358919967474,5.0,1.0284423828125
0.015350341796875,13.025358919967474,5.0,1.026702880859375
0.0189056396484375,13.025969271529974,5.0,1.025909423828125
0.0241241455078125,13.025816683639349,5.0,1.023651123046875
0.0366668701171875,13.025969271529974,5.0,1.0223388671875
0.02227783203125,13.025664095748724,5.0,1.020904541015625
0.0036468505859375,13.024595980514349,5.0,1.01885986328125
-0.00787353515625,13.025664095748724,5.0,1.01708984375
-0.012298583984375,13.025664095748724,5.0,1.015869140625
-0.0138092041015625,13.026427035201849,5.0,1.0137939453125
-0.00836181640625,13.025664095748724,5.0,1.011627197265625
-0.0105438232421875,13.025816683639349,5.0,1.009674072265625
-0.0090789794921875,13.025206332076849,5.0,1.00762939453125
-0.0343017578125,13.025664095748724,5.0,1.005615234375
-0.050537109375,13.025358919967474,5.0,1.00323486328125
0.0481109619140625,13.025206332076849,5.0,1.0006103515625
0.2860107421875,13.025969271529974,5.0,0.997528076171875
0.582763671875,13.025206332076849,5.0,0.994842529296875
0.4979095458984375,13.025358919967474,5.0,0.991302490234375
-0.057891845703125,13.025053744186224,5.0,0.987823486328125
-0.384246826171875,13.025206332076849,5.0,0.983642578125
-0.382415771484375,13.025206332076849,5.0,0.980133056640625
-0.2309417724609375,13.025206332076849,5.0,0.9757080078125
-0.0884246826171875,13.025358919967474,5.0,0.971343994140625
-0.008880615234375,13.024901156295599,5.0,0.96673583984375
0.0108795166015625,13.024901156295599,5.0,0.961669921875
0.02325439453125,13.026579623092474,5.0,0.956756591796875
0.0247802734375,13.025664095748724,5.0,0.9515380859375
0.02874755859375,13.026427035201849,5.0,0.94659423828125
0.0284271240234375,13.025206332076849,5.0,0.941009521484375
0.0352935791015625,13.025816683639349,5.0,0.93560791015625
0.0378265380859375,13.025816683639349,5.0,0.930084228515625
0.04180908203125,13.025969271529974,5.0,0.924957275390625
0.0440673828125,13.026121859420599,5.0,0.919219970703125
0.0548248291015625,13.026884798873724,5.0,0.91339111328125
0.0631256103515625,13.025816683639349,5.0,0.908111572265625
0.0733184814453125,13.025664095748724,5.0,0.9029541015625
0.08441162109375,13.024290804733099,5.0,0.897430419921875
0.1015472412109375,13.025358919967474,5.0,0.89215087890625
0.11236572265625,13.027495150436224,5.0,0.8870849609375
0.1253204345703125,13.026732210983099,5.0,0.8817138671875
0.1280059814453125,13.025816683639349,5.0,0.876556396484375
0.12860107421875,13.026427035201849,5.0,0.8717041015625
0.10711669921875,13.025969271529974,5.0,0.86669921875
0.06414794921875,13.026579623092474,5.0,0.86175537109375
-0.0063934326171875,13.026121859420599,5.0,0.85675048828125
-0.0735931396484375,13.024901156295599,5.0,0.851654052734375
-0.1251678466796875,13.025664095748724,5.0,0.846649169921875
-0.1589202880859375,13.025816683639349,5.0,0.84100341796875
-0.180999755859375,13.025969271529974,5.0,0.83599853515625
-0.1777191162109375,13.025816683639349,5.0,0.830963134765625
-0.1676025390625,13.025664095748724,5.0,0.82537841796875
-0.15521240234375,13.025969271529974,5.0,0.820220947265625
-0.1464385986328125,13.025664095748724,5.0,0.8145751953125
-0.1275634765625,13.025511507858099,5.0,0.808868408203125
-0.1109161376953125,13.025358919967474,5.0,0.80267333984375
-0.1005401611328125,13.025358919967474,5.0,0.796630859375
-0.0906219482421875,13.025816683639349,5.0,0.79058837890625
-0.076080322265625,13.025969271529974,5.0,0.784332275390625
-0.0691375732421875,13.025206332076849,5.0,0.777679443359375
-0.06304931640625,13.025816683639349,5.0,0.771575927734375
-0.058441162109375,13.025511507858099,5.0,0.76513671875
-0.047760009765625,13.025053744186224,5.0,0.75830078125
-0.041168212890625,13.026274447311224,5.0,0.75225830078125
-0.0367584228515625,13.025358919967474,5.0,0.7459716796875
-0.0363922119140625,13.026427035201849,5.0,0.739990234375
-0.0316619873046875,13.025358919967474,5.0,0.733795166015625
-0.0289154052734375,13.026427035201849,5.0,0.727752685546875
-0.025177001953125,13.025358919967474,5.0,0.722015380859375
-0.0228271484375,13.025664095748724,5.0,0.716583251953125
-0.0174407958984375,13.026274447311224,5.0,0.711273193359375
-0.0181732177734375,13.025816683639349,5.0,0.705902099609375
-0.0149078369140625,13.026427035201849,5.0,0.70050048828125
-0.0137939453125,13.026121859420599,5.0,0.6954345703125
-0.0110931396484375,13.026427035201849,5.0,0.690093994140625
-0.013641357421875,13.025358919967474,5.0,0.68548583984375
-0.0124664306640625,13.025664095748724,5.0,0.6807861328125
-0.01092529296875,13.025358919967474,5.0,0.676116943359375
-0.00653076171875,13.025816683639349,5.0,0.671783447265625
-0.00775146484375,13.026274447311224,5.0,0.667572021484375
-0.0054931640625,13.025664095748724,5.0,0.66339111328125
-0.0037078857421875,13.026427035201849,5.0,0.660003662109375
-0.0016937255859375,13.026274447311224,5.0,0.655914306640625
-0.00262451171875,13.025969271529974,5.0,0.6522216796875
0.00225830078125,13.026427035201849,5.0,0.648773193359375
0.0042266845703125,13.026427035201849,5.0,0.6456298828125
0.0065460205078125,13.025053744186224,5.0,0.642303466796875
0.0023345947265625,13.025511507858099,5.0,0.639251708984375
0.0066986083984375,13.025816683639349,5.0,0.636260986328125
0.0067596435546875,13.026274447311224,5.0,0.633880615234375
0.0120697021484375,13.025969271529974,5.0,0.63092041015625
0.013916015625,13.025511507858099,5.0,0.6287841796875
0.016510009765625,13.026427035201849,5.0,0.62652587890625
0.01654052734375,13.025969271529974,5.0,0.624298095703125
0.0116729736328125,13.025816683639349,5.0,0.622222900390625
0.00494384765625,13.025664095748724,5.0,0.6197509765625
0.010955810546875,13.025969271529974,5.0,0.618316650390625
0.0182647705078125,13.024748568404974,5.0,0.616668701171875
0.0230712890625,13.025053744186224,5.0,0.61505126953125
0.0272064208984375,13.026579623092474,5.0,0.613006591796875
0.0377349853515625,13.025206332076849,5.0,0.61236572265625
0.0286712646484375,13.026121859420599,5.0,0.610260009765625
0.0097503662109375,13.025358919967474,5.0,0.609588623046875
-0.0023956298828125,13.025511507858099,5.0,0.607696533203125
-0.0048828125,13.026121859420599,5.0,0.607696533203125
-0.011322021484375,13.024595980514349,5.0,0.6051025390625
-0.011383056640625,13.026274447311224,5.0,0.605224609375
-0.0147857666015625,13.024595980514349,5.0,0.604278564453125
-0.0125579833984375,13.024901156295599,5.0,0.602691650390625
-0.021575927734375,13.025511507858099,5.0,0.6029052734375
-0.050506591796875,13.025053744186224,5.0,0.6024169921875
-0.0223541259765625,13.025358919967474,5.0,0.6002197265625
0.1521453857421875,13.025053744186224,5.0,0.600494384765625
0.444061279296875,13.025358919967474,5.0,0.6004638671875
0.6180572509765625,13.025664095748724,5.0,0.599639892578125
0.1988983154296875,13.025816683639349,5.0,0.59796142578125
-0.2749786376953125,13.025511507858099,5.0,0.597686767578125
-0.405059814453125,13.025358919967474,5.0,0.59771728515625
-0.29937744140625,13.024443392623724,5.0,0.5975341796875
-0.14349365234375,13.026121859420599,5.0,0.59722900390625
-0.0338897705078125,13.025053744186224,5.0,0.5950927734375
0.0057525634765625,13.024901156295599,5.0,0.595184326171875
0.02239990234375,13.025664095748724,5.0,0.595306396484375
0.0233154296875,13.025358919967474,5.0,0.595367431640625
0.0303192138671875,13.024595980514349,5.0,0.59521484375
0.0336761474609375,13.026121859420599,5.0,0.59478759765625
0.039031982421875,13.024595980514349,5.0,0.5931396484375
0.0391693115234375,13.025664095748724,5.0,0.592559814453125
0.0440826416015625,13.025511507858099,5.0,0.592864990234375
0.0487213134765625,13.025053744186224,5.0,0.59271240234375
0.0569915771484375,13.024443392623724,5.0,0.592803955078125
0.0584564208984375,13.025053744186224,5.0,0.593017578125
0.0700531005859375,13.024595980514349,5.0,0.591705322265625
0.0824737548828125,13.025358919967474,5.0,0.59063720703125
0.0974884033203125,13.025053744186224,5.0,0.590728759765625
0.105224609375,13.026274447311224,5.0,0.59039306640625
0.1147613525390625,13.024748568404974,5.0,0.5906982421875
0.12249755859375,13.025664095748724,5.0,0.590423583984375
0.125274658203125,13.025969271529974,5.0,0.590484619140625
0.1111297607421875,13.024290804733099,5.0,0.590545654296875
0.0822296142578125,13.025969271529974,5.0,0.5904541015625
0.02386474609375,13.023833041061224,5.0,0.5882568359375
-0.0446624755859375,13.025206332076849,5.0,0.587738037109375
-0.1087646484375,13.025206332076849,5.0,0.587921142578125
-0.1526641845703125,13.024443392623724,5.0,0.58782958984375
-0.178192138671875,13.025206332076849,5.0,0.587982177734375
-0.188568115234375,13.023985628951849,5.0,0.58782958984375
-0.1912689208984375,13.024748568404974,5.0,0.585235595703125
-0.175567626953125,13.025206332076849,5.0,0.58502197265625
-0.1598358154296875,13.025053744186224,5.0,0.585662841796875
-0.142852783203125,13.025816683639349,5.0,0.585479736328125
-0.1314849853515625,13.025664095748724,5.0,0.585205078125
-0.1158905029296875,13.025816683639349,5.0,0.5853271484375
-0.10040283203125,13.024748568404974,5.0,0.58551025390625
-0.087646484375,13.026121859420599,5.0,0.5869140625
-0.074920654296875,13.025816683639349,5.0,0.587921142578125
-0.061279296875,13.025206332076849,5.0,0.588714599609375
-0.0575103759765625,13.014067416061224,5.0,0.590301513671875
-0.0481719970703125,13.013609652389349,5.0,0.5924072265625
-0.0413055419921875,13.013457064498724,5.0,0.594573974609375
-0.0331573486328125,13.012999300826849,5.0,0.597381591796875
-0.0308685302734375,13.013914828170599,5.0,0.600799560546875
-0.0231781005859375,13.013609652389349,5.0,0.6043701171875
-0.0234527587890625,13.012846712936224,5.0,0.6087646484375
-0.0188140869140625,13.014525179733099,5.0,0.6131591796875
-0.0189056396484375,13.013914828170599,5.0,0.6182861328125
-0.0153350830078125,13.013609652389349,5.0,0.623931884765625
-0.015167236328125,13.012694125045599,5.0,0.6297607421875
-0.013397216796875,13.013151888717474,5.0,0.635986328125
-0.016326904296875,13.012846712936224,5.0,0.642547607421875
-0.0127716064453125,13.012846712936224,5.0,0.64923095703125
-0.013671875,13.012694125045599,5.0,0.65643310546875
-0.008819580078125,13.012846712936224,5.0,0.664154052734375
-0.0084991455078125,13.013609652389349,5.0,0.671844482421875
-0.0038604736328125,13.012846712936224,5.0,0.6795654296875
-4.57763671875e-05,13.012541537154974,5.0,0.687652587890625
0.0047149658203125,13.013151888717474,5.0,0.695892333984375
0.002227783203125,13.013762240279974,5.0,0.70391845703125
0.0039215087890625,13.013762240279974,5.0,0.712646484375
0.0035552978515625,13.013914828170599,5.0,0.72119140625
0.0062103271484375,13.012846712936224,5.0,0.72955322265625
0.002532958984375,13.013609652389349,5.0,0.73809814453125
0.0005035400390625,13.013304476608099,5.0,0.746673583984375
-0.0010986328125,13.013457064498724,5.0,0.7548828125
0.0031890869140625,13.012846712936224,5.0,0.763824462890625
-0.0014495849609375,13.012999300826849,5.0,0.77264404296875
-0.00152587890625,13.003844027389349,5.0,0.781097412109375
-0.00152587890625,13.000334505904974,5.0,0.789947509765625
0.003997802734375,13.000181918014349,5.0,0.798431396484375
0.00555419921875,13.000639681686224,5.0,0.80718994140625
0.0069427490234375,13.000334505904974,5.0,0.81549072265625
0.00433349609375,13.000487093795599,5.0,0.824310302734375
0.009552001953125,13.001250033248724,5.0,0.832550048828125
0.0088958740234375,13.000029330123724,5.0,0.8408203125
0.0095367431640625,13.000792269576849,5.0,0.84869384765625
0.0063018798828125,13.000029330123724,5.0,0.857421875
0.008270263671875,13.001860384811224,5.0,0.865203857421875
0.0129852294921875,13.001555209029974,5.0,0.872802734375
0.0188140869140625,12.999876742233099,5.0,0.880645751953125
0.018829345703125,13.000792269576849,5.0,0.8885498046875
0.028533935546875,13.000792269576849,5.0,0.895843505859375
0.035400390625,13.000487093795599,5.0,0.903228759765625
0.025909423828125,13.001860384811224,5.0,0.9105224609375
0.0024566650390625,13.001555209029974,5.0,0.9178466796875
-0.0066375732421875,13.001097445358099,5.0,0.9246826171875
-0.0115509033203125,13.000487093795599,5.0,0.931884765625
-0.01129150390625,13.000639681686224,5.0,0.938751220703125
-0.01226806640625,13.000334505904974,5.0,0.946319580078125
-0.007354736328125,13.000334505904974,5.0,0.9530029296875
-0.0087738037109375,13.000944857467474,5.0,0.96063232421875
-0.0177459716796875,13.000792269576849,5.0,0.96771240234375
-0.050140380859375,13.000944857467474,5.0,0.97503662109375
-0.0019073486328125,13.001250033248724,5.0,0.982513427734375
0.193023681640625,13.000792269576849,5.0,0.989898681640625
0.508056640625,13.001707796920599,5.0,0.99755859375
0.63031005859375,13.001707796920599,5.0,1.005279541015625
0.1406707763671875,13.000334505904974,5.0,1.012603759765625
-0.31158447265625,13.000639681686224,5.0,1.0201416015625
-0.3943634033203125,13.000792269576849,5.0,1.028350830078125
-0.3043060302734375,13.000334505904974,5.0,1.036651611328125
-0.166412353515625,12.987059359420599,5.0,1.04486083984375
-0.0606231689453125,12.988585238326849,5.0,1.054168701171875
-0.0001220703125,12.988432650436224,5.0,1.063262939453125
0.020538330078125,12.989348177779974,5.0,1.072662353515625
0.0295867919921875,12.989348177779974,5.0,1.082427978515625
0.032867431640625,12.988127474654974,5.0,1.092864990234375
0.03668212890625,12.987517123092474,5.0,1.102813720703125
0.0375823974609375,12.988127474654974,5.0,1.113128662109375
0.04315185546875,12.989043001998724,5.0,1.124114990234375
0.04559326171875,12.989195589889349,5.0,1.134552001953125
0.051605224609375,12.988737826217474,5.0,1.14544677734375
0.054229736328125,12.988127474654974,5.0,1.156707763671875
0.0658721923828125,12.989348177779974,5.0,1.16778564453125
0.0763092041015625,12.988585238326849,5.0,1.178955078125
0.081451416015625,12.987822298873724,5.0,1.1907958984375
0.0880584716796875,12.989348177779974,5.0,1.202239990234375
0.105072021484375,12.989500765670599,5.0,1.213775634765625
0.1189117431640625,12.988432650436224,5.0,1.225311279296875
0.128662109375,12.988737826217474,5.0,1.236968994140625
0.125579833984375,12.989348177779974,5.0,1.248779296875
0.1194915771484375,12.988280062545599,5.0,1.259918212890625
0.0852203369140625,12.988737826217474,5.0,1.271759033203125
0.0290069580078125,12.989653353561224,5.0,1.2822265625
-0.0402984619140625,12.988280062545599,5.0,1.29327392578125
-0.100738525390625,12.988280062545599,5.0,1.304290771484375
-0.1500701904296875,12.988127474654974,5.0,1.31451416015625
-0.1729888916015625,12.989043001998724,5.0,1.324798583984375
-0.1812896728515625,12.989043001998724,5.0,1.3343505859375
-0.177093505859375,12.988280062545599,5.0,1.34442138671875
-0.170196533203125,12.987822298873724,5.0,1.354156494140625
-0.1552581787109375,12.987364535201849,5.0,1.3636474609375
-0.1416015625,12.980498080123724,5.0,1.372406005859375
-0.12152099609375,12.976530794967474,5.0,1.38128662109375
-0.1115570068359375,12.976683382858099,5.0,1.390106201171875
-0.096588134765625,12.975157503951849,5.0,1.3983154296875
-0.0841522216796875,12.976073031295599,5.0,1.40606689453125
-0.0709228515625,12.976835970748724,5.0,1.413665771484375
-0.06402587890625,12.975004916061224,5.0,1.420928955078125
-0.0518951416015625,12.975767855514349,5.0,1.428375244140625
-0.0480804443359375,12.977141146529974,5.0,1.43475341796875
-0.0400390625,12.976835970748724,5.0,1.441375732421875
-0.036224365234375,12.975767855514349,5.0,1.44708251953125
-0.02740478515625,12.976530794967474,5.0,1.452606201171875
-0.02593994140625,12.976988558639349,5.0,1.457977294921875
-0.0216827392578125,12.976073031295599,5.0,1.46282958984375
-0.02496337890625,12.975920443404974,5.0,1.467559814453125
-0.01904296875,12.976835970748724,5.0,1.471343994140625
-0.0224456787109375,12.976073031295599,5.0,1.47509765625
-0.0219573974609375,12.975920443404974,5.0,1.47808837890625
-0.020050048828125,12.975004916061224,5.0,1.48126220703125
-0.0135650634765625,12.976225619186224,5.0,1.48358154296875
-0.0167236328125,12.976073031295599,5.0,1.485748291015625
-0.0131988525390625,12.975920443404974,5.0,1.48712158203125
-0.0112152099609375,12.975920443404974,5.0,1.48846435546875
-0.009552001953125,12.976225619186224,5.0,1.488555908203125
-0.0067901611328125,12.976073031295599,5.0,1.488494873046875
-0.002044677734375,12.976988558639349,5.0,1.488494873046875
-0.005279541015625,12.976530794967474,5.0,1.488739013671875
-0.0032806396484375,12.976530794967474,5.0,1.48870849609375
-0.0050811767578125,12.977293734420599,5.0,1.48638916015625
-0.0031890869140625,12.976073031295599,5.0,1.485198974609375
-0.0040283203125,12.976378207076849,5.0,1.4827880859375
0.000274658203125,12.976530794967474,5.0,1.480194091796875
0.003021240234375,12.976683382858099,5.0,1.477325439453125
0.00738525390625,12.976835970748724,5.0,1.47418212890625
-0.001861572265625,12.975310091842474,5.0,1.470123291015625
0.0033111572265625,12.974394564498724,5.0,1.466766357421875
0.007965087890625,12.963713412154974,5.0,1.462371826171875
0.0131683349609375,12.964781527389349,5.0,1.45819091796875
0.012786865234375,12.964628939498724,5.0,1.45318603515625
0.0261688232421875,12.964171175826849,5.0,1.448211669921875
0.0324859619140625,12.964781527389349,5.0,1.442962646484375
0.021820068359375,12.964171175826849,5.0,1.437347412109375
-0.000335693359375,12.963713412154974,5.0,1.4320068359375
-0.0081634521484375,12.963866000045599,5.0,1.42608642578125
-0.0113372802734375,12.965239291061224,5.0,1.419891357421875
-0.010650634765625,12.963560824264349,5.0,1.41412353515625
-0.01324462890625,12.964018587936224,5.0,1.40789794921875
-0.0098114013671875,12.963866000045599,5.0,1.401397705078125
-0.0081939697265625,12.963255648483099,5.0,1.394866943359375
-0.0194244384765625,12.964171175826849,5.0,1.3883056640625
-0.0531768798828125,12.964934115279974,5.0,1.381622314453125
-0.006011962890625,12.964781527389349,5.0,1.3748779296875
0.1920623779296875,12.964018587936224,5.0,1.3682861328125
0.492950439453125,12.964171175826849,5.0,1.361358642578125
0.62762451171875,12.964934115279974,5.0,1.35443115234375
0.16485595703125,12.964323763717474,5.0,1.347564697265625
-0.3115234375,12.964323763717474,5.0,1.34063720703125
-0.4071197509765625,12.964628939498724,5.0,1.3336181640625
-0.30816650390625,12.965544466842474,5.0,1.32708740234375
-0.1597137451171875,12.964934115279974,5.0,1.320709228515625
-0.0477142333984375,12.964018587936224,5.0,1.31414794921875
0.011322021484375,12.964934115279974,5.0,1.307464599609375
0.0277862548828125,12.964628939498724,5.0,1.3011474609375
0.034423828125,12.963866000045599,5.0,1.2940673828125
0.0345001220703125,12.964628939498724,5.0,1.287384033203125
0.040252685546875,12.964171175826849,5.0,1.280853271484375
0.039581298828125,12.963103060592474,5.0,1.27423095703125
0.0413360595703125,12.963713412154974,5.0,1.267486572265625
0.0422210693359375,12.964628939498724,5.0,1.2606201171875
0.0486602783203125,12.963560824264349,5.0,1.25390625
0.054962158203125,12.963713412154974,5.0,1.247589111328125
0.0650177001953125,12.963408236373724,5.0,1.24102783203125
0.0714263916015625,12.964781527389349,5.0,1.234832763671875
0.08203125,12.964781527389349,5.0,1.228607177734375
0.09063720703125,12.964018587936224,5.0,1.22265625
0.103057861328125,12.964781527389349,5.0,1.216522216796875
0.1139678955078125,12.963255648483099,5.0,1.210662841796875
0.1227264404296875,12.956389193404974,5.0,1.205230712890625
0.1215057373046875,12.953184847701849,5.0,1.199554443359375
0.108367919921875,12.952269320358099,5.0,1.19415283203125
0.0661163330078125,12.953184847701849,5.0,1.188720703125
0.006988525390625,12.952574496139349,5.0,1.182952880859375
-0.0597991943359375,12.951811556686224,5.0,1.17767333984375
-0.1156158447265625,12.951964144576849,5.0,1.17242431640625
-0.157684326171875,12.952269320358099,5.0,1.167022705078125
-0.1738739013671875,12.952269320358099,5.0,1.161865234375
-0.1793670654296875,12.950590853561224,5.0,1.15692138671875
-0.16937255859375,12.951506380904974,5.0,1.151824951171875
-0.1600189208984375,12.953032259811224,5.0,1.14703369140625
-0.145965576171875,12.952269320358099,5.0,1.14251708984375
-0.1319732666015625,12.952574496139349,5.0,1.137481689453125
-0.1165313720703125,12.952269320358099,5.0,1.1329345703125
-0.1031341552734375,12.952269320358099,5.0,1.128814697265625
-0.089996337890625,12.951048617233099,5.0,1.12445068359375
-0.079071044921875,12.951353793014349,5.0,1.12042236328125
-0.0647125244140625,12.951506380904974,5.0,1.116058349609375
-0.058349609375,12.951811556686224,5.0,1.112579345703125
-0.049163818359375,12.952269320358099,5.0,1.108734130859375
-0.0446014404296875,12.951964144576849,5.0,1.10540771484375
-0.03533935546875,12.951506380904974,5.0,1.1015625
-0.033935546875,12.951201205123724,5.0,1.09869384765625
-0.0284881591796875,12.951506380904974,5.0,1.095855712890625
-0.026824951171875,12.957915072311224,5.0,1.092559814453125
-0.020477294921875,12.964171175826849,5.0,1.08966064453125
-0.020751953125,12.963103060592474,5.0,1.087005615234375
-0.0193939208984375,12.964476351608099,5.0,1.08465576171875
-0.0180816650390625,12.964781527389349,5.0,1.082061767578125
-0.0176544189453125,12.964323763717474,5.0,1.07977294921875
-0.0187835693359375,12.964323763717474,5.0,1.07769775390625
-0.0153045654296875,12.963866000045599,5.0,1.075164794921875
-0.014556884765625,12.963560824264349,5.0,1.07318115234375
-0.0121002197265625,12.963255648483099,5.0,1.071197509765625
-0.011962890625,12.964323763717474,5.0,1.06976318359375
-0.0079498291015625,12.963866000045599,5.0,1.067840576171875
-0.009979248046875,12.963103060592474,5.0,1.0653076171875
-0.008087158203125,12.963560824264349,5.0,1.063751220703125
-0.0063323974609375,12.971342806686224,5.0,1.06231689453125
-0.0025787353515625,12.976073031295599,5.0,1.060272216796875
-0.00543212890625,12.976225619186224,5.0,1.05841064453125
-0.0038909912109375,12.976988558639349,5.0,1.056732177734375
-0.001190185546875,12.976835970748724,5.0,1.055084228515625
0.001678466796875,12.975615267623724,5.0,1.053131103515625
-0.00152587890625,12.976073031295599,5.0,1.051239013671875
0.001556396484375,12.976530794967474,5.0,1.049285888671875
0.0042572021484375,12.976225619186224,5.0,1.047088623046875
0.009063720703125,12.982939486373724,5.0,1.044891357421875
0.0091094970703125,12.987517123092474,5.0,1.04266357421875
0.0091400146484375,12.987822298873724,5.0,1.040496826171875
0.0086517333984375,12.988280062545599,5.0,1.038177490234375
0.011383056640625,12.989043001998724,5.0,1.03607177734375
0.0099334716796875,12.987974886764349,5.0,1.033233642578125
0.0104827880859375,12.988585238326849,5.0,1.0308837890625
0.0064544677734375,12.999113802779974,5.0,1.02813720703125
0.0105438232421875,13.000944857467474,5.0,1.025482177734375
0.012176513671875,13.000487093795599,5.0,1.02264404296875
0.009552001953125,13.000639681686224,5.0,1.019317626953125
-0.0004119873046875,13.001860384811224,5.0,1.01593017578125
0.0059661865234375,13.002012972701849,5.0,1.012359619140625
0.0140228271484375,13.012388949264349,5.0,1.00830078125
0.015777587890625,13.012846712936224,5.0,1.004547119140625
0.0165863037109375,13.012999300826849,5.0,0.999847412109375
0.028472900390625,13.014067416061224,5.0,0.995452880859375
0.0322723388671875,13.012541537154974,5.0,0.990142822265625
0.0207366943359375,13.019102816451849,5.0,0.985015869140625
0.000732421875,13.025511507858099,5.0,0.979644775390625
-0.005462646484375,13.025664095748724,5.0,0.97381591796875
-0.010345458984375,13.025053744186224,5.0,0.967681884765625
-0.0130615234375,13.024901156295599,5.0,0.962127685546875
-0.013946533203125,13.026579623092474,5.0,0.9560546875
-0.0099334716796875,13.038023714889349,5.0,0.94976806640625
-0.014251708984375,13.038939242233099,5.0,0.943695068359375
-0.0370941162109375,13.038176302779974,5.0,0.936981201171875
-0.066070556640625,13.037718539108099,5.0,0.93121337890625
0.0224761962890625,13.044279818404974,5.0,0.925140380859375
0.2425689697265625,13.050078158248724,5.0,0.918853759765625
0.5526123046875,13.048857455123724,5.0,0.912689208984375
0.531494140625,13.049772982467474,5.0,0.906494140625
0.0027313232421875,13.061522250045599,5.0,0.900421142578125
-0.35968017578125,13.062895541061224,5.0,0.894256591796875
-0.38690185546875,13.062895541061224,5.0,0.888214111328125
-0.2467193603515625,13.068388705123724,5.0,0.88299560546875
-0.099273681640625,13.074339632858099,5.0,0.876983642578125
-0.018646240234375,13.074034457076849,5.0,0.871551513671875
0.0072784423828125,13.073729281295599,5.0,0.866851806640625
0.0145721435546875,13.082426791061224,5.0,0.8616943359375
0.02178955078125,13.085936312545599,5.0,0.8565673828125
0.0250244140625,13.086394076217474,5.0,0.851837158203125
0.0298309326171875,13.087004427779974,1.0,0.8472900390625
0.0272674560546875,13.089751009811224,0.0,0.842742919921875
0.033203125,13.098601107467474,0.0,0.837677001953125
0.0369110107421875,13.098753695358099,0.0,0.8336181640625
0.0486297607421875,13.098295931686224,0.0,0.829742431640625
0.05792236328125,13.098601107467474,0.0,0.82550048828125
0.0659942626953125,13.101500277389349,0.0,0.822052001953125
0.0732879638671875,13.110808138717474,0.0,0.81829833984375
0.087158203125,13.111723666061224,0.0,0.8153076171875
0.0988616943359375,13.111876253951849,0.0,0.8114013671875
0.1112213134765625,13.111265902389349,0.0,0.8084716796875
0.1187744140625,13.111723666061224,0.0,0.80548095703125
0.128936767578125,13.115690951217474,0.0,0.802764892578125
0.129425048828125,13.124388460983099,0.0,0.800140380859375
0.112579345703125,13.123625521529974,0.0,0.796966552734375
0.0694427490234375,13.123778109420599,0.0,0.794097900390625
0.0074920654296875,13.124083285201849,0.0,0.79119873046875
-0.06793212890625,13.122862582076849,0.0,0.78826904296875
-0.12103271484375,13.124388460983099,0.0,0.7843017578125
-0.1605224609375,13.135222201217474,0.0,0.78021240234375
-0.1806182861328125,13.135527376998724,0.0,0.775390625
-0.18817138671875,13.135222201217474,0.0,0.770233154296875

